region,state

Uchana,Haryana
Fatehabad,Haryana
Kaithal,Haryana
Bahadurgarh,Haryana
Shahabad,Haryana
Uklana,Haryana
Thanesar,Haryana
Sirsa,Haryana
Madlauda,Haryana
Ding,Haryana
Hathin,Haryana
Barwala,Haryana
Narnaul,Haryana
Rohtak,Haryana
Bhiwani,Haryana
Bhikhiwind,Punjab
Bhikhiwind(Khalra),Punjab
Khem karan,Punjab
Jalalabad,Punjab
Jagraon,Punjab
Kotkapura,Punjab
Samana,Punjab
Sultanpur,Punjab
Patiala,Punjab
Rajpura,Punjab
Bassi Pathana,Punjab
Bariwala,Punjab
Gehri,Punjab
Mullanpur,Punjab
Lalru,Punjab
Phagwara,Punjab
Khadur Sahib,Punjab
Sunam,Punjab
Jalandhar City(Jalandhar),Punjab
Dinanagar,Punjab
Panaji,Goa
Kottayam,Kerala
Parakkodu,Kerala
Kollam,Kerala
Punalur,Kerala
Nedumkandam,Kerala
Kottakkal,Kerala
Alappuzha,Kerala
Chanthroor,Kerala
Chengannur,Kerala
Harippad,Kerala
Manjeri,Kerala
Parappanangadi,Kerala
Perinthalmanna,Kerala
Thirurrangadi,Kerala
Cherthala,Kerala
Thodupuzha,Kerala
Nedumangadu,Kerala
Ernakulam,Kerala
Anyara(EEC),Kerala
Kalpetta,Kerala
Thiruvananthapuram,Kerala
Dhara,Kerala
Piravam,Kerala
Chala,Kerala
Adimali,Kerala
Kayamkulam,Kerala
Kottarakkara,Kerala
Pala,Kerala
Ettumanoor,Kerala
Kasargod,Kerala
Kuruppanthura,Kerala
Kallachi,Kerala
Munnar,Kerala
Thalasserry,Kerala
Kannur,Kerala
Vandiperiyar,Kerala
Vengeri,Kerala
Sasthamkotta,Kerala
Kanjirappally,Kerala
Pulpally,Kerala
Chathanoor,Kerala
Payyannur,Kerala
Begusarai,Bihar
Bhagalpur,Bihar
Biharsharif,Bihar
Gaya,Bihar
Patna (Musallahpur),Bihar
Patna City,Bihar
Sasaram,Bihar
Aarah,Bihar
Arreria,Bihar
Bihta,Bihar
Danapur,Bihar
Darbhanga,Bihar
Forbesganj,Bihar
Gulabbagh,Bihar
Hajipur,Bihar
Katihar,Bihar
Muzaffarpur,Bihar
Nokha,Bihar
Saharsa,Bihar
Mohana,Bihar
Aurangabad,Bihar
Bettiah,Bihar
Buxur,Bihar
Jainagar,Bihar
Khagaria,Bihar
Munghair,Bihar
Nawada,Bihar
Sitamarhi,Bihar
Siwan,Bihar
Samastipur,Bihar
Lakhisarai,Bihar
Kaswa,Bihar
Chhapra,Bihar
Singheswarsthan,Bihar
Bahadurganj,Bihar
Jehanabad,Bihar
Madhubani,Bihar
Arwal,Bihar
Shekhpura,Bihar
Narkatiaganj,Bihar
Saidpurhat,Bihar
Sathur,Tamil Nadu
Madurai,Tamil Nadu
Chennai,Tamil Nadu
Virudhunagar,Tamil Nadu
Acharapakkam,Tamil Nadu
Sankarankovil,Tamil Nadu
Moolanur,Tamil Nadu
Rajapalayam,Tamil Nadu
Sivagangai,Tamil Nadu
Panruti,Tamil Nadu
Anthiyur,Tamil Nadu
Ulundurpettai,Tamil Nadu
Salem,Tamil Nadu
Vellore,Tamil Nadu
Jammu (Grain Mandi),Jammu and Kashmir
Bokaro (Chas),Jharkhand
Chaibasa,Jharkhand
Dhanbad,Jharkhand
Dumka,Jharkhand
Hazaribagh,Jharkhand
Khunti,Jharkhand
Ranchi,Jharkhand
Sahebganj,Jharkhand
Saraikela,Jharkhand
Simdega,Jharkhand
Bermo,Jharkhand
Chakulia,Jharkhand
Daltenganj,Jharkhand
Deoghar,Jharkhand
Gadhwah,Jharkhand
Godda,Jharkhand
Gumla,Jharkhand
Jamshedpur,Jharkhand
Jamtara,Jharkhand
Koderma,Jharkhand
Latehar,Jharkhand
Lohardaga,Jharkhand
Madhupur,Jharkhand
Pakur,Jharkhand
Ramgarh,Jharkhand
Giridih,Jharkhand
Jowai,Meghalaya
Garobadha,Meghalaya
Shillong,Meghalaya
Mawkyrwat,Meghalaya
Nongpoh (R-Bhoi),Meghalaya
Khliehriat,Meghalaya
Wahiajer,Meghalaya
Laskein,Meghalaya
Gadarpur,Uttrakhand
Kotadwara,Uttrakhand
Tanakpur,Uttrakhand
Rishikesh,Uttrakhand
Dehradoon,Uttrakhand
Jaspur(UC),Uttrakhand
Rudrapur,Uttrakhand
Kicchha,Uttrakhand
Roorkee,Uttrakhand
Bazpur,Uttrakhand
Haridwar Union,Uttrakhand
Kashipur,Uttrakhand
Ramnagar,Uttrakhand
Vikasnagar,Uttrakhand
Sitarganj,Uttrakhand
Lakshar,Uttrakhand
Khateema,Uttrakhand
Haldwani,Uttrakhand
Manglaur,Uttrakhand
Angul,Orissa
Attabira,Orissa
Bampada,Orissa
Baripada,Orissa
Bhanjanagar,Orissa
Bolangir,Orissa
Boudh,Orissa
Deogarh,Orissa
Gunpur,Orissa
Hinjilicut,Orissa
Jajpur,Orissa
Nimapara,Orissa
Sakhigopal,Orissa
Sambalpur,Orissa
Angul(Jarapada),Orissa
Balugaon,Orissa
Chandabali,Orissa
Digapahandi,Orissa
Jagatsinghpur,Orissa
Kendupatna,Orissa
Keonjhar,Orissa
Padampur,Orissa
Parlakhemundi,Orissa
Udala,Orissa
Bargarh,Orissa
Bargarh(Barapalli),Orissa
Betnoti,Orissa
Jatni,Orissa
Junagarh,Orissa
Kasinagar,Orissa
Keonjhar(Dhekikote),Orissa
Saharpada,Orissa
Banki,Orissa
Birmaharajpur,Orissa
Junagarh(Dharamagarh),Orissa
Kendrapara,Orissa
Kesinga,Orissa
Talcher,Orissa
Tusura,Orissa
Godabhaga,Orissa
Rayagada,Orissa
Nobarangpur,Orissa
Sakhigopal(Brahmagiri),Orissa
Dhenkanal,Orissa
Mukhiguda,Orissa
Jeypore,Orissa
Jeypore(Kotpad),Orissa
Kendrapara(Marshaghai),Orissa
Sohela,Orissa
Hindol,Orissa
Jhumpura,Orissa
Jharsuguda,Orissa
Gunupur(Maniguda),Orissa
Malkanagiri,Orissa
Rairakhol,Orissa
Anandapur,Orissa
Bhadrak,Orissa
Kandhamal,Orissa
Bhawanipatna,Orissa
Panposh,Orissa
Bahadajholla,Orissa
Barikpur,Orissa
Khariar Road,Orissa
Gabadkunda,Orissa
Kendupatna(Niali),Orissa
Sahidngar,Orissa
Chatta Krushak Bazar,Orissa
Nilagiri,Orissa
Angaura,Orissa
Kantabaji,Orissa
Gopa,Orissa
Champua,Orissa
Sargipali,Orissa
Dungurapalli,Orissa
Atthamalick(Atthamallick),Orissa
Dumal,Orissa
Kalkangiri(Parkunda),Orissa
Jaleswar,Orissa
Sarankul,Orissa
Bonai(Bonai),Orissa
Kantabanji(Patnagarh),Orissa
Nabarangpur(Umerkote),Orissa
Saraskana,Orissa
Cachar,Assam
Golaghat,Assam
Bongiagaon,Assam
Dibrugarh,Assam
Goalpara,Assam
Howly,Assam
Lanka,Assam
Nalbari,Assam
P.O. Uparhali Guwahati,Assam
Silapathar,Assam
Bohorihat,Assam
Hailakandi,Assam
Karimganj,Assam
Jorhat,Assam
Dhekiajuli,Assam
Dhing,Assam
Gauripur,Assam
Sivasagar,Assam
Tinsukia,Assam
Kharupetia,Assam
Goreswar,Assam
North Lakhimpur,Assam
Srirampur,Assam
Gadarwada,Madhya Pradesh
Chaakghat,Madhya Pradesh
Badwaha,Madhya Pradesh
Raisen,Madhya Pradesh
Baktara,Madhya Pradesh
Amarpatan,Madhya Pradesh
A lot,Madhya Pradesh
Balaghat,Madhya Pradesh
Semriharchand,Madhya Pradesh
Agar,Madhya Pradesh
Neemuch,Madhya Pradesh
Datia,Madhya Pradesh
Shahdol,Madhya Pradesh
Susner,Madhya Pradesh
Ashoknagar,Madhya Pradesh
Nagod,Madhya Pradesh
Shamshabad,Madhya Pradesh
Hanumana,Madhya Pradesh
Khandwa,Madhya Pradesh
Ratlam,Madhya Pradesh
Sevda,Madhya Pradesh
Hoshangabad,Madhya Pradesh
Imphal,Manipur
Lamlong Bazaar,Manipur
Moreh,Manipur
Thoubal,Manipur
Bishenpur,Manipur
Jaitsar,Rajasthan
Fatehpur,Rajasthan
Hanumangarh,Rajasthan
Abu Road,Rajasthan
Bijay Nagar,Rajasthan
Pratapgarh,Rajasthan
Beawar,Rajasthan
Suratgarh,Rajasthan
Niwai,Rajasthan
Bhilwara,Rajasthan
Najafgarh,NCT of Delhi
Narela,NCT of Delhi
Shahdara,NCT of Delhi
Azadpur,NCT of Delhi
Allahabad,Uttar Pradesh
Amroha,Uttar Pradesh
Auraiya,Uttar Pradesh
Azamgarh,Uttar Pradesh
Badayoun,Uttar Pradesh
Bahraich,Uttar Pradesh
Ballia,Uttar Pradesh
Baraut,Uttar Pradesh
Bareilly,Uttar Pradesh
Buland Shahr,Uttar Pradesh
Chandoli,Uttar Pradesh
Etawah,Uttar Pradesh
Faizabad,Uttar Pradesh
Farukhabad,Uttar Pradesh
Gorakhpur,Uttar Pradesh
Jaunpur,Uttar Pradesh
Jhansi,Uttar Pradesh
Kanpur(Grain),Uttar Pradesh
Khair,Uttar Pradesh
Lucknow,Uttar Pradesh
Meerut,Uttar Pradesh
Mirzapur,Uttar Pradesh
Muradabad,Uttar Pradesh
Muradnagar,Uttar Pradesh
Muzzafarnagar,Uttar Pradesh
Orai,Uttar Pradesh
Raibareilly,Uttar Pradesh
Rampur,Uttar Pradesh
Saharanpur,Uttar Pradesh
Shamli,Uttar Pradesh
Sitapur,Uttar Pradesh
Varanasi(Grain),Uttar Pradesh
Achnera,Uttar Pradesh
Agra,Uttar Pradesh
Ajuha,Uttar Pradesh
Aliganj,Uttar Pradesh
Aligarh,Uttar Pradesh
Awagarh,Uttar Pradesh
Banda,Uttar Pradesh
Basti,Uttar Pradesh
Bijnaur,Uttar Pradesh
Charra,Uttar Pradesh
Devariya,Uttar Pradesh
Fatehpur Sikri,Uttar Pradesh
Gazipur,Uttar Pradesh
Ghaziabad,Uttar Pradesh
Ghiraur,Uttar Pradesh
Gonda,Uttar Pradesh
Haathras,Uttar Pradesh
Hapur,Uttar Pradesh
Hardoi,Uttar Pradesh
Hasanpur,Uttar Pradesh
Indla,Uttar Pradesh
Jagnair,Uttar Pradesh
Kannauj,Uttar Pradesh
Khairagarh,Uttar Pradesh
Khalilabad,Uttar Pradesh
Kopaganj,Uttar Pradesh
Kosikalan,Uttar Pradesh
Lalitpur,Uttar Pradesh
Mahoba,Uttar Pradesh
Mawana,Uttar Pradesh
Naugarh,Uttar Pradesh
Partaval,Uttar Pradesh
Pilibhit,Uttar Pradesh
Shahjahanpur,Uttar Pradesh
Tamkuhi Road,Uttar Pradesh
Unnao,Uttar Pradesh
Ahirora,Uttar Pradesh
Atarra,Uttar Pradesh
Bangarmau,Uttar Pradesh
Bharwari,Uttar Pradesh
Chibramau,Uttar Pradesh
Chitwadagaon,Uttar Pradesh
Dudhi,Uttar Pradesh
Gangoh,Uttar Pradesh
Jahanabad,Uttar Pradesh
Kasganj,Uttar Pradesh
Khatauli,Uttar Pradesh
Kiratpur,Uttar Pradesh
Kishunpur,Uttar Pradesh
Lakhimpur,Uttar Pradesh
Madhoganj,Uttar Pradesh
Mohamadabad,Uttar Pradesh
Moth,Uttar Pradesh
Mugrabaadshahpur,Uttar Pradesh
Purwa,Uttar Pradesh
Sambhal,Uttar Pradesh
Tanda,Uttar Pradesh
Varipaal,Uttar Pradesh
Chandausi,Uttar Pradesh
Konch,Uttar Pradesh
Mainpuri,Uttar Pradesh
Sardhana,Uttar Pradesh
Sikandraraau,Uttar Pradesh
Dadri,Uttar Pradesh
Firozabad,Uttar Pradesh
Robertsganj,Uttar Pradesh
Achalda,Uttar Pradesh
Akbarpur,Uttar Pradesh
Balrampur,Uttar Pradesh
Bindki,Uttar Pradesh
Chorichora,Uttar Pradesh
Dibiapur,Uttar Pradesh
Divai,Uttar Pradesh
Etah,Uttar Pradesh
Gulavati,Uttar Pradesh
Jasra,Uttar Pradesh
Jasvantnagar,Uttar Pradesh
Karvi,Uttar Pradesh
Khaga,Uttar Pradesh
Khurja,Uttar Pradesh
Lalganj,Uttar Pradesh
Mathura,Uttar Pradesh
Payagpur,Uttar Pradesh
Rura,Uttar Pradesh
Sandila,Uttar Pradesh
Sehjanwa,Uttar Pradesh
Shahabad(New Mandi),Uttar Pradesh
Shahganj,Uttar Pradesh
Shikohabad,Uttar Pradesh
Sirsaganj,Uttar Pradesh
Tilhar,Uttar Pradesh
Bachranwa,Uttar Pradesh
Bahedi,Uttar Pradesh
Kamlaganj,Uttar Pradesh
Kayamganj,Uttar Pradesh
Panchpedwa,Uttar Pradesh
Pukhrayan,Uttar Pradesh
Sandi,Uttar Pradesh
Tulsipur,Uttar Pradesh
Yusufpur,Uttar Pradesh
Puwaha,Uttar Pradesh
Atrauli,Uttar Pradesh
Bilsi,Uttar Pradesh
Devband,Uttar Pradesh
Dhanura,Uttar Pradesh
Gadaura,Uttar Pradesh
Jarat,Uttar Pradesh
Madhogarh,Uttar Pradesh
Mau,Uttar Pradesh
Mehmoodabad,Uttar Pradesh
Sahiyapur,Uttar Pradesh
Samsabad,Uttar Pradesh
Shadabad,Uttar Pradesh
Soharatgarh,Uttar Pradesh
Barabanki,Uttar Pradesh
Nautnava,Uttar Pradesh
Wansi,Uttar Pradesh
Baberu,Uttar Pradesh
Naanpara,Uttar Pradesh
Najibabad,Uttar Pradesh
Jafarganj,Uttar Pradesh
Siyana,Uttar Pradesh
Gurusarai,Uttar Pradesh
Jalaun,Uttar Pradesh
Bharthana,Uttar Pradesh
Chirgaon,Uttar Pradesh
Maudaha,Uttar Pradesh
Varanasi(F&V;),Uttar Pradesh
Gopiganj,Uttar Pradesh
Salon,Uttar Pradesh
Vilthararoad,Uttar Pradesh
Ait,Uttar Pradesh
Doharighat,Uttar Pradesh
Rampurmaniharan,Uttar Pradesh
Ujhani,Uttar Pradesh
Jayas,Uttar Pradesh
Ganjdudwara,Uttar Pradesh
Mauranipur,Uttar Pradesh
Anandnagar,Uttar Pradesh
Anwala,Uttar Pradesh
Nagina,Uttar Pradesh
Risia,Uttar Pradesh
Urai,Uttar Pradesh
Puranpur,Uttar Pradesh
Bharthna,Uttar Pradesh
Kalpi,Uttar Pradesh
Nawabganj,Uttar Pradesh
Parikshitgarh,Uttar Pradesh
Bharuasumerpur,Uttar Pradesh
Sikanderabad,Uttar Pradesh
Chhibramau,Uttar Pradesh
Karnailganj,Uttar Pradesh
Jhijhank,Uttar Pradesh
Baruwasagar,Uttar Pradesh
Haldaur,Uttar Pradesh
Rasda,Uttar Pradesh
Kadaura,Uttar Pradesh
Bhehjoi,Uttar Pradesh
Mehrauni,Uttar Pradesh
Shahpur,Uttar Pradesh
Hargaon (Laharpur),Uttar Pradesh
Maholi,Uttar Pradesh
Sindholi,Uttar Pradesh
Viswan,Uttar Pradesh
Rudauli,Uttar Pradesh
Banthara,Uttar Pradesh
Chaandpur,Uttar Pradesh
Mohammdi,Uttar Pradesh
Bewar,Uttar Pradesh
Khekda,Uttar Pradesh
Mihipurwa,Uttar Pradesh
Utraula,Uttar Pradesh
Chutmalpur,Uttar Pradesh
Dhampur,Uttar Pradesh
Misrikh,Uttar Pradesh
Maigalganj,Uttar Pradesh
Paliakala,Uttar Pradesh
Tikonia,Uttar Pradesh
Anoop Shahar,Uttar Pradesh
Vishalpur,Uttar Pradesh
Safdarganj,Uttar Pradesh
Niralangar (F&V;),Uttar Pradesh
Dankaur,Uttar Pradesh
Choubepur,Uttar Pradesh
Uttaripura,Uttar Pradesh
Vilaspur,Uttar Pradesh
Javer,Uttar Pradesh
Golagokarnath,Uttar Pradesh
Jahangirabad,Uttar Pradesh
Alipurduar,West Bengal
Bankura Sadar,West Bengal
Barasat,West Bengal
Bethuadahari,West Bengal
Bolpur,West Bengal
Burdwan,West Bengal
Champadanga,West Bengal
Coochbehar,West Bengal
Dinhata,West Bengal
Ghatal,West Bengal
Islampur,West Bengal
Jalpaiguri,West Bengal
Jangipur,West Bengal
Kalna,West Bengal
Katwa,West Bengal
Midnapur (East),West Bengal
Pandva,West Bengal
Purulia,West Bengal
Samsi,West Bengal
Balurghat,West Bengal
Birbhum,West Bengal
Bishnupur,West Bengal
Durgapur,West Bengal
Egra/contai,West Bengal
Haldibari,West Bengal
Howrah,West Bengal
Indus,West Bengal
Kaliaganj,West Bengal
Lalbagh,West Bengal
Memari,West Bengal
Midnapore Sadar,West Bengal
Nadia,West Bengal
Pundibari,West Bengal
Baruipur(Canning),West Bengal
Diamond Harbour,West Bengal
English Bazar,West Bengal
Gangarampur,West Bengal
Jhargram,West Bengal
Kalipur,West Bengal
Karimpore,West Bengal
Khatra,West Bengal
Mathabhanga,West Bengal
Raiganj,West Bengal
Sealdah Koley Market,West Bengal
Kalimpong,West Bengal
Beldanga,West Bengal
Rampurhat,West Bengal
Asansol,West Bengal
Baxirhat,West Bengal
Belacoba,West Bengal
Darjeeling,West Bengal
Kandi,West Bengal
Mekhliganj,West Bengal
Sheoraphuly,West Bengal
Toofanganj,West Bengal
Habra,West Bengal
Kalyani,West Bengal
Kasimbazar,West Bengal
Falakata,West Bengal
Guskara,West Bengal
Sainthia,West Bengal
Jiaganj,West Bengal
Midnapur (West),West Bengal
Gajol,West Bengal
Chakdah,West Bengal
Kolaghat,West Bengal
Atmakur,Andhra Pradesh
Bhimavaram,Andhra Pradesh
Eluru,Andhra Pradesh
Gannavaram,Andhra Pradesh
Gudiwada,Andhra Pradesh
Kaikaluru,Andhra Pradesh
Kothavalasa,Andhra Pradesh
Machilipatnam,Andhra Pradesh
Nandyal,Andhra Pradesh
Nelakondapally,Andhra Pradesh
Pidugurala(Palnadu),Andhra Pradesh
Ponnur,Andhra Pradesh
Repalli,Andhra Pradesh
Undi,Andhra Pradesh
Visakhapatnam,Andhra Pradesh
Yellandu,Andhra Pradesh
Addanki,Andhra Pradesh
Bapatla,Andhra Pradesh
Chirala,Andhra Pradesh
Divi,Andhra Pradesh
Gajapathinagaram,Andhra Pradesh
Ipur,Andhra Pradesh
Kallur,Andhra Pradesh
Narasaraopet,Andhra Pradesh
Narsapuram,Andhra Pradesh
Ongole,Andhra Pradesh
Palakole,Andhra Pradesh
Sattupalli,Andhra Pradesh
Tiruvuru,Andhra Pradesh
Allagadda,Andhra Pradesh
Kandukur,Andhra Pradesh
Kondapi,Andhra Pradesh
Kuchinapudi,Andhra Pradesh
Martur,Andhra Pradesh
Tadepalligudem,Andhra Pradesh
Akiveedu,Andhra Pradesh
Kovvur,Andhra Pradesh
Krosuru,Andhra Pradesh
Sattenapalli,Andhra Pradesh
Denduluru,Andhra Pradesh
Macharla,Andhra Pradesh
Kavali,Andhra Pradesh
Madanapalli,Andhra Pradesh
Nandikotkur,Andhra Pradesh
Kalidindi,Andhra Pradesh
Mangalagiri,Andhra Pradesh
Nellore,Andhra Pradesh
Polavaram,Andhra Pradesh
Tenali,Andhra Pradesh
Parvathipuram,Andhra Pradesh
Tuni,Andhra Pradesh
Cuddapah,Andhra Pradesh
Narsapur,Andhra Pradesh
Gopalavaram,Andhra Pradesh
Badvel,Andhra Pradesh
Mancharial,Andhra Pradesh
Bobbili,Andhra Pradesh
Jagtial,Andhra Pradesh
Peddapuram,Andhra Pradesh
Bhimadole,Andhra Pradesh
Dammapet,Andhra Pradesh
Wanaparthy town,Andhra Pradesh
Maddipadu,Andhra Pradesh
Parchur,Andhra Pradesh
Movva Hqs,Andhra Pradesh
Narasannapet,Andhra Pradesh
Tadikonda,Andhra Pradesh
Alampur,Andhra Pradesh
Hiramandalam,Andhra Pradesh
Huzurnagar,Andhra Pradesh
Nidamanoor,Andhra Pradesh
Chinnoar,Andhra Pradesh
Ungatur,Andhra Pradesh
Wyra,Andhra Pradesh
Penamaluru,Andhra Pradesh
Tanuku,Andhra Pradesh
Alur,Andhra Pradesh
Gooti,Andhra Pradesh
Mylavaram,Andhra Pradesh
Penugonda,Andhra Pradesh
Giddalur,Andhra Pradesh
Ghanpur,Andhra Pradesh
Kodakandal,Andhra Pradesh
Chevella,Andhra Pradesh
Chilakaluripet,Andhra Pradesh
Banaganapalli,Andhra Pradesh
Vijayanagaram,Andhra Pradesh
Devarakadra,Andhra Pradesh
Medchal,Andhra Pradesh
Pithapuram,Andhra Pradesh
Pothgal,Andhra Pradesh
Armoor,Andhra Pradesh
Tekkali,Andhra Pradesh
Podili,Andhra Pradesh
Koratla,Andhra Pradesh
Mahabubabad,Andhra Pradesh
Yellamanchili,Andhra Pradesh
Guntur,Andhra Pradesh
Proddatur,Andhra Pradesh
Rajam,Andhra Pradesh
Enkoor,Andhra Pradesh
Tellarevu,Andhra Pradesh
Bhodhan,Andhra Pradesh
Jaggayyapeta,Andhra Pradesh
Kanchili,Andhra Pradesh
Atmakur(SPS),Andhra Pradesh
Dharmaram,Andhra Pradesh
Markapur,Andhra Pradesh
Pamarru,Andhra Pradesh
Duggirala,Andhra Pradesh
Adilabad,Andhra Pradesh
Kothagudem,Andhra Pradesh
Pathapatnam,Andhra Pradesh
Palakonda,Andhra Pradesh
Kamalapuram,Andhra Pradesh
Malleswaram,Andhra Pradesh
Choutuppal,Andhra Pradesh
Chipurupalli,Andhra Pradesh
Nakrekal,Andhra Pradesh
Anakapally,Andhra Pradesh
Kurnool,Andhra Pradesh
Khammam,Andhra Pradesh
Thorrur,Andhra Pradesh
Narsipatnam,Andhra Pradesh
Kurupam,Andhra Pradesh
Chityal,Andhra Pradesh
Rajahmundry,Andhra Pradesh
Mydukur,Andhra Pradesh
Banswada,Andhra Pradesh
Nandigama,Andhra Pradesh
Kakinada,Andhra Pradesh
Kagaznagar,Andhra Pradesh
Anaparthy,Andhra Pradesh
Srikakulam,Andhra Pradesh
Attili,Andhra Pradesh
Hamirpur,Himachal Pradesh
Dharampur,Himachal Pradesh
Dhanotu (Mandi),Himachal Pradesh
4th Mile Dimapur,Nagaland
Khuzama,Nagaland
Khambhat,Gujarat
Kheda,Gujarat
Matar,Gujarat
Savli,Gujarat
Vadodara,Gujarat
Dahod,Gujarat
Godhra,Gujarat
Khambhat(Grain Market),Gujarat
Kadi,Gujarat
Jhagadiya,Gujarat
Kathlal,Gujarat
Vansda,Gujarat
Amod,Gujarat
Prantij(Salala),Gujarat
Rajula,Gujarat
Dharampur(veg),Gujarat
Petlad,Gujarat
Hasot,Gujarat
Gogamba,Gujarat
Savli(Desar),Gujarat
Savli(Samlaya),Gujarat
Morva Hafad,Gujarat
Dahod(Himalaya),Gujarat
Valod(Buhari),Gujarat
Sanad,Gujarat
Bharuch,Gujarat
Kapadvanj,Gujarat
Himatnagar,Gujarat
Bodeli(Hadod),Gujarat
Vadnagar,Gujarat
Khambhat(Veg Yard Khambhat),Gujarat
Talod,Gujarat
Lunavada,Gujarat
Rajpipla,Gujarat
Babra,Gujarat
Umreth,Gujarat
Kheda(Nayaka),Gujarat
Santrampur,Gujarat
Baruch(Vagara),Gujarat
Godhra(Kakanpur),Gujarat
Tawang,Arunachal Pradesh
Naharlagun,Arunachal Pradesh
Pasighat,Arunachal Pradesh
Arjuni,Maharashtra
Bhandara,Maharashtra
Bhokar,Maharashtra
Karjat,Maharashtra
Khalanpur,Maharashtra
Kolhapur(Laxmipuri),Maharashtra
Mangaon,Maharashtra
Mumbai,Maharashtra
Nagpur,Maharashtra
Palghar,Maharashtra
Panvel,Maharashtra
Pen,Maharashtra
Pune,Maharashtra
Ratnagiri (Nachane),Maharashtra
Sangli,Maharashtra
Solapur,Maharashtra
Tumsar,Maharashtra
Vasai,Maharashtra
Alibagh,Maharashtra
Umared,Maharashtra
Jawali,Maharashtra
Achalpur,Maharashtra
Mandhal,Maharashtra
Barshi,Maharashtra
Ulhasnagar,Maharashtra
Nandurbar,Maharashtra
Bhivandi,Maharashtra
Ghoti,Maharashtra
Suragana,Maharashtra
Washi(Thane  Market),Maharashtra
Sinner,Maharashtra
Kolhapur,Maharashtra
Aheri,Maharashtra
Kalyan,Maharashtra
Nira,Maharashtra
Satara,Maharashtra
Akluj,Maharashtra
Navapur,Maharashtra
Indapur(Bhigwan),Maharashtra
Satana,Maharashtra
Shahada,Maharashtra
Mahad,Maharashtra
Murud,Maharashtra
Indapur,Maharashtra
Tuljapur,Maharashtra
Jaysingpur,Maharashtra
Lasalgaon,Maharashtra
Varora,Maharashtra
Mangrulpeer,Maharashtra
Karad,Maharashtra
Gangakhed,Maharashtra
Nira(Saswad),Maharashtra
Parshiwani,Maharashtra
Korpana,Maharashtra
Chalisgaon,Maharashtra
Kalvan,Maharashtra
Akole,Maharashtra
Baramati,Maharashtra
Malkapur,Maharashtra
Shrirampur,Maharashtra
Digras,Maharashtra
Jalgaon,Maharashtra
Devala,Maharashtra
Kurdwadi(Modnimb),Maharashtra
Savali,Maharashtra
Ramtek,Maharashtra
Kinwat,Maharashtra
Pusad,Maharashtra
Kurdwadi,Maharashtra
Roha,Maharashtra
Armori,Maharashtra
Shirur,Maharashtra
Khed(Chakan),Maharashtra
Rahuri,Maharashtra
Jalgaon(Masawat),Maharashtra
Amgaon,Maharashtra
Indapur(Nimgaon Ketki),Maharashtra
Aatpadi,Maharashtra
Tiroda,Maharashtra
Pachora,Maharashtra
Amarawati,Maharashtra
Armori(Desaiganj),Maharashtra
Sakri,Maharashtra
Bhor,Maharashtra
Vita,Maharashtra
Sangamner,Maharashtra
Pandhakawada,Maharashtra
Lakhandur,Maharashtra
Pandharpur,Maharashtra
Savner,Maharashtra
Ambejaogai,Maharashtra
Newasa,Maharashtra
Karanja,Maharashtra
Dondaicha(Sindhkheda),Maharashtra
Nagpur(Hingna),Maharashtra
Gondpimpri,Maharashtra
Fruit Market,Maharashtra
Goregaon,Maharashtra
Pune(Pimpri),Maharashtra
Barshi(Vairag),Maharashtra
Bishalgarh,Tripura
Panisagar,Tripura
Santir Bazar,Tripura
Taliamura,Tripura
Pabiacherra,Tripura
Nutanbazar,Tripura
Champaknagar,Tripura
Garjee,Tripura
Melaghar,Tripura
Jumpuijala,Tripura
Mohanpur,Tripura
Kulai,Tripura
Bachaibari,Tripura
Kalsi,Tripura
Kalyanpur,Tripura
Barpathari,Tripura
Dasda,Tripura
Sonamura,Tripura
Gandaobhara,Tripura
Bangalore,Karnataka
Bangarpet,Karnataka
Belur,Karnataka
Bidar,Karnataka
Chikkamagalore,Karnataka
Chintamani,Karnataka
Gangavathi,Karnataka
Gowribidanoor,Karnataka
Gulbarga,Karnataka
Hanagal,Karnataka
Holenarsipura,Karnataka
Hospet,Karnataka
K.R.Nagar,Karnataka
Mangalore,Karnataka
Mysore (Bandipalya),Karnataka
Shimoga,Karnataka
Sindhanur,Karnataka
Srirangapattana,Karnataka
Bantwala,Karnataka
Belthangdi,Karnataka
Karkala,Karnataka
Koppa,Karnataka
Kunigal,Karnataka
Manvi,Karnataka
Nippani,Karnataka
Puttur,Karnataka
Somvarpet,Karnataka
Sulya,Karnataka
Udupi,Karnataka
Bhadravathi,Karnataka
Hunsur,Karnataka
Hassan,Karnataka
Malur,Karnataka
Pavagada,Karnataka
Sankeshwar,Karnataka
Sirguppa,Karnataka
Athani,Karnataka
Channapatana,Karnataka
Chickkaballapura,Karnataka
K.R. Pet,Karnataka
Srinivasapur,Karnataka
Doddaballa Pur,Karnataka
Karwar,Karnataka
Moodigere,Karnataka
Bailahongal,Karnataka
Chamaraj Nagar,Karnataka
Madhugiri,Karnataka
Madikeri,Karnataka
Nagamangala,Karnataka
Channarayapatna,Karnataka
Ramanagara,Karnataka
Shahapur,Karnataka
Kollegal,Karnataka
T. Narasipura,Karnataka
Gadag,Karnataka
Hoovinahadagali,Karnataka
Kundagol,Karnataka
Nanjangud,Karnataka
Tarikere,Karnataka
Soundati,Karnataka
Bagepalli,Karnataka
Hubli (Amaragol),Karnataka
Gubbi,Karnataka
Kudchi,Karnataka
Shikaripura,Karnataka
Arasikere,Karnataka
Sakaleshpura,Karnataka
Sira,Karnataka
Kadur,Karnataka
Sringeri,Karnataka
Turvekere,Karnataka
Mulabagilu,Karnataka
Ranebennur,Karnataka
Honnavar,Karnataka
Channagiri,Karnataka
Humanabad,Karnataka
Piriya Pattana,Karnataka
Pandavapura,Karnataka
Gonikappal,Karnataka
Gundlupet,Karnataka
Kolar,Karnataka
Jamakhandi,Karnataka
Santhesargur,Karnataka
Annigeri,Karnataka
Thirthahalli,Karnataka
Kundapura,Karnataka
Kumta,Karnataka
Maddur,Karnataka
H.B. Halli,Karnataka
Davangere,Karnataka
Haveri,Karnataka
Yellapur,Karnataka
Kottur,Karnataka
Harappana Halli,Karnataka
Karatgi,Karnataka
Mundgod,Karnataka
Jagalur,Karnataka
Raichur,Karnataka
Sedam,Karnataka
Sagar,Karnataka
Kalagategi,Karnataka
Sorabha,Karnataka
Kanakapura,Karnataka
Honnali,Karnataka
Hosadurga,Karnataka
Hirekerur,Karnataka
Hosanagar,Karnataka
Huliyar,Karnataka
Lingasugur,Karnataka
Tumkur,Karnataka
Harihara,Karnataka
Siddapur,Karnataka
Sindagi(Hendi),Karnataka
Bellary,Karnataka
Sindagi,Karnataka
Bijapur,Karnataka
Mandya,Karnataka
Dharwar,Karnataka
Sirsi,Karnataka
Yalburga,Karnataka
Bhalki,Karnataka
Hiriyur,Karnataka
Bara Bazar,Mizoram
Kusmee,Chattisgarh
Narayanpur,Chattisgarh
Pratappur,Chattisgarh
Anand Nagar,Chattisgarh
Sarangarh,Chattisgarh
Arang,Chattisgarh
Ambikapur,Chattisgarh
Charama,Chattisgarh
Ramanujganj,Chattisgarh
Baramkela,Chattisgarh
Dhamtari,Chattisgarh
Kasdol,Chattisgarh
Kheragarh,Chattisgarh
Gidam,Chattisgarh
Dongargarh,Chattisgarh
Jaspur,Chattisgarh
Kunkuri,Chattisgarh
Keshkal,Chattisgarh
Bilaspur,Chattisgarh
